{"0": {"1": 36.87817782917155,
  "11": 91.76055797563569,
  "12": 104.01922899156675,
  "13": 91.60785992479029,
  "2": 104.75208828467335},
 "1": {"0": 36.87817782917155,
  "11": 64.03124237432849,
  "13": 83.95236744726142,
  "2": 68.4470598345904,
  "75": 95.2102935611481},
 "10": {"2": 68.62215385719105,
  "3": 47.01063709417264,
  "70": 19.4164878389476,
  "75": 50.20956084253277,
  "9": 34.058772731852805},
 "11": {"1": 64.03124237432849,
  "13": 52.80151512977634,
  "2": 70.03570517957252,
  "70": 70.83078426785913,
  "75": 42.720018726587654},
 "12": {"0": 104.01922899156675,
  "13": 60.03332407921454,
  "19": 58.137767414994535,
  "25": 70.80254232723568,
  "55": 86.16263691415206},
 "13": {"1": 83.95236744726142,
  "11": 52.80151512977634,
  "12": 60.03332407921454,
  "19": 86.02325267042627,
  "62": 83.7615663654877},
 "14": {"15": 85.21150157109074,
  "18": 65.19202405202648,
  "19": 59.81638571495272,
  "53": 73.23933369440222,
  "73": 6.708203932499369},
 "15": {"14": 85.21150157109074,
  "16": 40.0,
  "62": 30.479501308256342,
  "73": 79.32212806020776,
  "77": 84.71717653463199},
 "16": {"15": 40.0,
  "54": 100.4987562112089,
  "62": 52.009614495783374,
  "77": 62.68173577685928,
  "84": 60.41522986797286},
 "17": {"18": 24.596747752497688,
  "52": 60.40695324215582,
  "53": 45.0,
  "69": 55.31726674375732,
  "81": 71.02112361825881},
 "18": {"14": 65.19202405202648,
  "17": 24.596747752497688,
  "53": 47.265209192385896,
  "73": 71.449282711585,
  "81": 59.841457201508724},
 "19": {"12": 58.137767414994535,
  "14": 59.81638571495272,
  "20": 72.20110802473879,
  "25": 83.60023923410746,
  "73": 58.83026432033091},
 "2": {"1": 68.4470598345904,
  "10": 68.62215385719105,
  "3": 50.566787519082126,
  "70": 59.07622195096772,
  "75": 63.953107821277925},
 "20": {"21": 52.55473337388365,
  "24": 67.11929677819934,
  "45": 52.81098370604357,
  "56": 27.0,
  "81": 59.93329625508679},
 "21": {"24": 38.897300677553446,
  "45": 44.553338819890925,
  "46": 50.15974481593781,
  "56": 49.64876634922564,
  "81": 45.27692569068709},
 "22": {"17": 72.00694410957877,
  "21": 71.42128534267638,
  "23": 60.30754513325841,
  "76": 40.0,
  "81": 45.39823785126467},
 "23": {"22": 60.30754513325841,
  "35": 54.91812087098393,
  "48": 86.21484790916237,
  "61": 73.79024325749306,
  "76": 46.010868281309364},
 "24": {"21": 38.897300677553446,
  "29": 44.01136216933077,
  "45": 20.8806130178211,
  "46": 15.264337522473747,
  "48": 34.785054261852174},
 "25": {"12": 70.80254232723568,
  "26": 51.62363799656123,
  "28": 78.39005038906404,
  "55": 25.079872407968907,
  "56": 69.2314957226839},
 "26": {"25": 51.62363799656123,
  "28": 46.84015371452148,
  "45": 44.384682042344295,
  "56": 46.647615158762406,
  "60": 36.124783736376884},
 "27": {"26": 58.180752831155424,
  "28": 16.15549442140351,
  "30": 68.09552114493287,
  "55": 60.83584469702052,
  "60": 61.26989472816156},
 "28": {"26": 46.84015371452148,
  "27": 16.15549442140351,
  "30": 59.464274989274024,
  "55": 63.89053137985315,
  "60": 45.17742799230607},
 "29": {"24": 44.01136216933077,
  "46": 31.78049716414141,
  "47": 43.93176527297759,
  "60": 36.138621999185304,
  "82": 25.059928172283335},
 "3": {"10": 47.01063709417264,
  "2": 50.566787519082126,
  "4": 63.702433234531945,
  "70": 54.08326913195984,
  "9": 67.00746227100382},
 "30": {"27": 68.09552114493287,
  "28": 59.464274989274024,
  "29": 60.53924347066124,
  "60": 61.1310068623117,
  "82": 66.40030120413611},
 "31": {"30": 76.96752561957543,
  "32": 63.56886030125127,
  "37": 21.95449840010015,
  "47": 75.1065909225016,
  "82": 73.97972695272672},
 "32": {"33": 21.095023109728988,
  "34": 28.160255680657446,
  "37": 42.20189569201838,
  "47": 22.67156809750927,
  "82": 39.84971769034255},
 "33": {"32": 21.095023109728988,
  "34": 28.178005607210743,
  "47": 19.924858845171276,
  "61": 23.53720459187964,
  "82": 41.0},
 "34": {"32": 28.160255680657446,
  "33": 28.178005607210743,
  "47": 44.553338819890925,
  "59": 47.042533945356304,
  "61": 41.182520563948},
 "35": {"23": 54.91812087098393,
  "34": 53.225933528685054,
  "58": 38.8329756778952,
  "59": 55.46169849544819,
  "61": 44.64302857109943},
 "36": {"35": 60.876925020897694,
  "50": 61.61168720299745,
  "51": 61.26989472816156,
  "58": 23.021728866442675,
  "59": 17.72004514666935},
 "37": {"31": 21.95449840010015,
  "32": 42.20189569201838,
  "34": 61.40032573203501,
  "47": 56.43580423808985,
  "82": 59.941638282582836},
 "38": {"37": 92.91393867445294,
  "39": 34.20526275297414,
  "72": 59.665735560705194,
  "78": 22.0,
  "83": 59.93329625508679},
 "39": {"38": 34.20526275297414,
  "59": 66.03029607687671,
  "72": 52.55473337388365,
  "78": 35.4682957019364,
  "83": 45.5411901469428},
 "4": {"3": 63.702433234531945,
  "5": 78.60025445251433,
  "71": 38.27531841800928,
  "80": 40.36087214122113,
  "9": 84.2140130857092},
 "40": {"49": 41.43669871020132,
  "50": 55.08175741568164,
  "51": 50.35871324805669,
  "65": 41.400483088968905,
  "67": 41.773197148410844},
 "41": {"40": 92.63368717696602,
  "42": 44.41846462902562,
  "44": 74.43117626371358,
  "64": 52.0,
  "65": 51.85556864985669},
 "42": {"41": 44.41846462902562,
  "43": 86.49277426467485,
  "44": 86.35392289873113,
  "63": 80.50465825031493,
  "64": 10.44030650891055},
 "43": {"41": 120.74767078498864,
  "42": 86.49277426467485,
  "44": 101.9803902718557,
  "63": 25.495097567963924,
  "64": 88.20430828479978},
 "44": {"41": 74.43117626371358,
  "42": 86.35392289873113,
  "63": 77.52418977325722,
  "64": 96.60227740586657,
  "65": 97.02061636580135},
 "45": {"24": 20.8806130178211,
  "26": 44.384682042344295,
  "46": 33.83784863137726,
  "56": 28.600699292150182,
  "60": 43.32435804486894},
 "46": {"24": 15.264337522473747,
  "29": 31.78049716414141,
  "45": 33.83784863137726,
  "48": 25.079872407968907,
  "82": 45.5411901469428},
 "47": {"32": 22.67156809750927,
  "33": 19.924858845171276,
  "48": 43.41658669218482,
  "61": 37.64306044943742,
  "82": 21.213203435596427},
 "48": {"24": 34.785054261852174,
  "29": 45.967379738244816,
  "46": 25.079872407968907,
  "47": 43.41658669218482,
  "61": 37.33630940518894},
 "49": {"40": 41.43669871020132,
  "50": 62.00806399170998,
  "66": 63.071388124885914,
  "67": 14.0,
  "79": 29.154759474226502},
 "5": {"4": 78.60025445251433,
  "57": 70.09279563550022,
  "6": 51.54609587543949,
  "7": 68.62215385719105,
  "71": 76.79192665899195},
 "50": {"36": 61.61168720299745,
  "40": 55.08175741568164,
  "51": 10.295630140987,
  "72": 56.32051136131489,
  "83": 46.51881339845203},
 "51": {"36": 61.26989472816156,
  "40": 50.35871324805669,
  "49": 64.38167441127949,
  "50": 10.295630140987,
  "83": 56.79788728465171},
 "52": {"17": 60.40695324215582,
  "18": 79.92496481075234,
  "53": 51.478150704935004,
  "68": 77.89736837660179,
  "69": 56.4003546088143},
 "53": {"14": 73.23933369440222,
  "17": 45.0,
  "18": 47.265209192385896,
  "52": 51.478150704935004,
  "73": 76.66159403508382},
 "54": {"15": 136.3084736911099,
  "16": 100.4987562112089,
  "77": 65.79513659838392,
  "8": 122.3315167894194,
  "84": 87.46427842267951},
 "55": {"25": 25.079872407968907,
  "26": 54.147945482723536,
  "27": 60.83584469702052,
  "28": 63.89053137985315,
  "60": 85.70297544426332},
 "56": {"20": 27.0,
  "21": 49.64876634922564,
  "24": 47.01063709417264,
  "26": 46.647615158762406,
  "45": 28.600699292150182},
 "57": {"4": 134.39121995130486,
  "5": 70.09279563550022,
  "6": 38.07886552931954,
  "7": 39.11521443121589,
  "8": 130.18832512940628},
 "58": {"34": 47.75981574503821,
  "35": 38.8329756778952,
  "36": 23.021728866442675,
  "59": 18.110770276274835,
  "61": 68.00735254367721},
 "59": {"34": 47.042533945356304,